#{"t_start": 1652971006.2165048, "env_id": "TrajectoryGenerationURSim-v0"}
r,l,t,final_status,is_success
-0.952797,300,22.327049,max_steps_exceeded,False
-1.132484,300,43.83916,max_steps_exceeded,False
-1.543047,300,65.042671,max_steps_exceeded,False
-1.392517,300,86.868549,max_steps_exceeded,False
-1.522219,300,108.375906,max_steps_exceeded,False
-0.899877,300,129.305272,max_steps_exceeded,False
-1.084047,300,150.878731,max_steps_exceeded,False
-1.314826,300,172.986327,max_steps_exceeded,False
-1.68191,300,194.152684,max_steps_exceeded,False
-1.271602,300,215.363134,max_steps_exceeded,False
-1.97406,300,236.504932,max_steps_exceeded,False
-1.950069,300,258.282575,max_steps_exceeded,False
1.99781,5,264.03854,success,True
-1.53263,300,281.902831,max_steps_exceeded,False
-1.472117,300,302.882638,max_steps_exceeded,False
-0.933524,300,323.783566,max_steps_exceeded,False
-0.781891,300,344.360639,max_steps_exceeded,False
-1.105516,300,365.550664,max_steps_exceeded,False
-1.9435,300,386.780445,max_steps_exceeded,False
-1.101897,300,407.553806,max_steps_exceeded,False
-1.805141,300,428.993916,max_steps_exceeded,False
-0.66327,300,450.326123,max_steps_exceeded,False
-1.730461,300,471.725723,max_steps_exceeded,False
-1.031666,300,492.8261,max_steps_exceeded,False
-0.786207,300,513.971355,max_steps_exceeded,False
-1.238076,300,535.005811,max_steps_exceeded,False
-1.451899,300,555.938239,max_steps_exceeded,False
-1.150453,300,577.253122,max_steps_exceeded,False
-1.604845,300,599.056615,max_steps_exceeded,False
-2.201682,269,618.392006,collision,False
-1.588293,300,641.047319,max_steps_exceeded,False
-1.386283,300,662.035332,max_steps_exceeded,False
-0.460285,300,684.309539,max_steps_exceeded,False
-1.682469,300,705.439983,max_steps_exceeded,False
-1.838222,193,949.572079,collision,False
-1.120601,36,958.253398,collision,False
-1.073621,32,964.368786,collision,False
-1.107454,33,970.486049,collision,False
-1.086841,31,976.620939,collision,False
-1.085758,35,982.774322,collision,False
-1.131997,35,988.994611,collision,False
-1.069859,35,995.291687,collision,False
-1.15551,34,1001.632246,collision,False
-1.072008,35,1007.986222,collision,False
-1.084969,34,1014.361584,collision,False
-1.120332,35,1020.746656,collision,False
-1.591377,120,1032.796934,collision,False
-1.279686,69,1044.141192,collision,False
-1.423599,72,1055.459642,collision,False
-1.169902,71,1066.536236,collision,False
-1.200052,71,1077.649636,collision,False
-1.415773,71,1088.72797,collision,False
-1.387038,70,1099.798587,collision,False
-1.13149,45,1109.408214,collision,False
-1.181592,44,1117.349697,collision,False
-1.212967,61,1125.909159,collision,False
-1.230965,57,1136.080801,collision,False
-1.190622,66,1146.461761,collision,False
-1.270679,68,1157.375757,collision,False
-1.405018,82,1169.395711,collision,False
-1.158439,43,1179.487468,collision,False
-1.195985,42,1186.987895,collision,False
-1.256729,43,1194.372382,collision,False
-1.159397,43,1201.733618,collision,False
-1.195068,42,1208.964987,collision,False
-1.143191,40,1216.467586,collision,False
-1.210696,44,1223.765597,collision,False
-1.122556,40,1231.078347,collision,False
-1.211382,41,1238.171095,collision,False
-1.165111,54,1246.365911,collision,False
-1.235306,85,1257.804127,collision,False
-1.390734,71,1269.179181,collision,False
-1.199896,68,1280.140407,collision,False
-1.946835,263,1304.489974,collision,False
-1.703644,199,1328.846051,collision,False
-1.090657,34,1341.158259,collision,False
-1.130817,33,1347.330144,collision,False
-1.161322,37,1353.744884,collision,False
-1.11293,43,1360.496161,collision,False
-1.157769,43,1367.920673,collision,False
-1.237519,42,1375.365645,collision,False
-1.134029,43,1382.816954,collision,False
-1.165072,43,1390.315645,collision,False
-1.192133,43,1397.583624,collision,False
-1.125747,42,1405.027161,collision,False
-1.094202,40,1412.099857,collision,False
-1.165102,43,1419.46483,collision,False
-1.18303,42,1426.848938,collision,False
-1.156043,41,1434.089064,collision,False
-1.222153,46,1441.579487,collision,False
-1.155314,45,1449.049583,collision,False
-1.173045,43,1456.693383,collision,False
-1.153669,45,1464.260431,collision,False
-1.202842,39,1471.670982,collision,False
-1.208226,41,1479.048301,collision,False
-1.146189,44,1486.388708,collision,False
-1.243828,43,1493.875575,collision,False
-1.122575,44,1501.161018,collision,False
-1.242415,45,1508.680444,collision,False
-1.212935,42,1515.979284,collision,False
-1.132588,41,1523.247801,collision,False
-1.125034,45,1530.625384,collision,False
-1.261129,43,1537.92452,collision,False
-1.088251,44,1545.416474,collision,False
-1.146941,43,1552.783616,collision,False
-1.203168,45,1560.275587,collision,False
-1.094792,44,1567.854563,collision,False
-1.11661,44,1575.295235,collision,False
-1.103648,42,1582.65686,collision,False
-1.17514,43,1590.090655,collision,False
-1.133908,42,1597.339585,collision,False
-1.12406,40,1604.721457,collision,False
-1.118456,39,1612.030552,collision,False
-1.169068,44,1619.385906,collision,False
-1.164612,42,1626.736798,collision,False
-1.202224,43,1634.032553,collision,False
-1.160986,42,1641.570029,collision,False
-1.216597,39,1648.973356,collision,False
-1.192786,42,1656.361268,collision,False
-1.159378,43,1663.637652,collision,False
-1.148109,43,1671.034757,collision,False
-1.081903,41,1678.437984,collision,False
-1.206928,42,1685.776889,collision,False
-1.223161,41,1693.285156,collision,False
-1.139646,39,1700.57427,collision,False
-1.244285,41,1707.941806,collision,False
-1.229211,41,1715.192536,collision,False
-1.14909,44,1722.645131,collision,False
-1.180892,44,1730.219454,collision,False
-1.077126,40,1737.475979,collision,False
-1.232508,44,1744.716917,collision,False
-1.202202,41,1751.924004,collision,False
-1.114445,41,1759.037643,collision,False
-1.26119,43,1766.244899,collision,False
-1.266039,42,1773.544633,collision,False
-1.156059,41,1780.780063,collision,False
-1.202955,44,1788.128678,collision,False
-1.141254,43,1795.515283,collision,False
-1.142163,43,1803.043987,collision,False
-1.19528,43,1810.2741,collision,False
-1.201386,39,1817.656538,collision,False
-1.203422,41,1824.950183,collision,False
-1.115618,44,1832.30856,collision,False
-1.184489,44,1839.801925,collision,False
-1.166996,43,1847.234147,collision,False
-1.230891,39,1854.383089,collision,False
-1.173296,43,1861.456695,collision,False
-1.199186,38,1868.701388,collision,False
-1.178491,43,1875.982957,collision,False
-1.149981,43,1883.412025,collision,False
-1.134783,43,1890.660113,collision,False
-1.118254,43,1897.963973,collision,False
-1.206897,42,1905.36816,collision,False
-1.107635,43,1912.756918,collision,False
-1.345466,79,1922.947883,collision,False
-1.497811,79,1935.006223,collision,False
-1.381241,75,1946.611583,collision,False
-1.213155,69,1957.661888,collision,False
-1.257691,74,1969.266494,collision,False
-1.298107,69,1980.590904,collision,False
-1.356811,68,1991.766219,collision,False
-1.406547,68,2003.067925,collision,False
-1.259929,69,2014.191792,collision,False
-1.735964,192,2033.901165,collision,False
-1.584519,168,2057.169061,collision,False
-1.963361,204,2079.985351,collision,False
-0.592083,300,2111.467946,max_steps_exceeded,False
-1.077493,46,2125.927028,collision,False
-2.106458,281,2149.940023,collision,False
-1.794031,214,2175.353649,collision,False
-1.231074,47,2188.282641,collision,False
-1.236443,58,2197.103721,collision,False
-1.66203,201,2215.381116,collision,False
-1.851596,279,2244.019307,collision,False
-1.07266,300,2275.169531,max_steps_exceeded,False
-1.452236,171,2298.261236,collision,False
-1.655885,155,2317.666674,collision,False
-1.071426,300,2347.301732,max_steps_exceeded,False
-1.384469,144,2368.377449,collision,False
-0.824183,300,2397.477458,max_steps_exceeded,False
-1.099813,43,2411.353858,collision,False
-1.217819,73,2420.869764,collision,False
-1.259804,78,2533.674239,collision,False
-2.147533,270,2558.751899,collision,False
-1.149301,43,2572.797669,collision,False
-1.298769,121,2585.515595,collision,False
-1.196643,48,2596.316462,collision,False
-1.072435,37,2603.446834,collision,False
-1.207192,75,2612.381399,collision,False
-1.105309,41,2620.683008,collision,False
-1.043607,300,2645.23055,max_steps_exceeded,False
-0.766158,300,2677.131177,max_steps_exceeded,False
-0.931435,300,2708.553703,max_steps_exceeded,False
-1.191224,300,2740.361341,max_steps_exceeded,False
-1.679625,300,2773.429109,max_steps_exceeded,False
-1.034733,300,2806.151362,max_steps_exceeded,False
-1.472468,300,2840.236887,max_steps_exceeded,False
-1.522409,276,2870.009214,collision,False
-1.515987,300,2894.572912,max_steps_exceeded,False
-1.283026,300,2919.159932,max_steps_exceeded,False
-1.369931,300,2945.049436,max_steps_exceeded,False
-0.930695,300,2971.149645,max_steps_exceeded,False
-2.379071,252,2991.966841,collision,False
-1.422429,80,3005.039461,collision,False
-1.230969,59,3015.125802,collision,False
-2.047847,203,3034.535832,collision,False
-1.17238,68,3044.561103,collision,False
-1.261196,300,3071.150695,max_steps_exceeded,False
-0.954645,300,3096.450739,max_steps_exceeded,False
-1.299141,99,3108.985187,collision,False
-1.478651,207,3129.427599,collision,False
-1.694441,170,3148.542635,collision,False
-1.236095,98,3160.654801,collision,False
-1.607679,255,3183.032,collision,False
-1.772425,237,3204.889933,collision,False
-1.780426,193,3226.266679,collision,False
-1.541412,118,3241.558861,collision,False
-1.418057,300,3267.811977,max_steps_exceeded,False
-0.792655,300,3297.721201,max_steps_exceeded,False
-1.484296,161,3313.752617,collision,False
-0.76788,300,3338.472383,max_steps_exceeded,False
-1.207379,78,3348.753803,collision,False
-1.591627,169,3364.909571,collision,False
-1.622785,220,3387.075857,collision,False
1.449962,254,3409.262474,success,True
-1.294142,124,3426.132856,collision,False
-1.652244,129,3441.029165,collision,False
-1.592974,109,3454.136106,collision,False
-1.178402,41,3462.512808,collision,False
-1.122913,37,3469.339315,collision,False
-1.361213,144,3483.227019,collision,False
-0.56802,300,3508.769497,max_steps_exceeded,False
-1.54214,151,3523.562201,collision,False
-1.076794,39,3534.449109,collision,False
-1.609004,136,3547.690751,collision,False
-1.426314,120,3716.999538,collision,False
-1.358891,88,3727.128508,collision,False
-1.400555,187,3745.045438,collision,False
-1.024621,300,3772.52177,max_steps_exceeded,False
-1.276747,300,3803.708329,max_steps_exceeded,False
-1.520496,130,3817.726432,collision,False
-1.465593,300,3844.408904,max_steps_exceeded,False
-1.224917,300,3869.722824,max_steps_exceeded,False
-0.739675,300,3896.888288,max_steps_exceeded,False
-1.399039,300,3924.85421,max_steps_exceeded,False
-1.3029,106,3939.176318,collision,False
-1.722062,300,3966.463293,max_steps_exceeded,False
-1.640898,146,3983.698356,collision,False
-1.821547,300,4013.575259,max_steps_exceeded,False
-1.637845,300,4041.808695,max_steps_exceeded,False
-1.386228,140,4058.693579,collision,False
-1.186464,300,4087.22856,max_steps_exceeded,False
-1.276973,300,4116.252349,max_steps_exceeded,False
-1.755507,300,4147.403233,max_steps_exceeded,False
-0.952888,300,4170.740695,max_steps_exceeded,False
1.942796,44,4178.691073,success,True
-0.653506,300,4202.747995,max_steps_exceeded,False
-0.536455,300,4229.907713,max_steps_exceeded,False
-2.022689,257,4254.593861,collision,False
-0.933172,300,4285.57641,max_steps_exceeded,False
-1.35164,300,4312.134559,max_steps_exceeded,False
-0.752397,300,4340.269258,max_steps_exceeded,False
-1.136851,300,4366.198574,max_steps_exceeded,False
-1.066812,300,4394.634764,max_steps_exceeded,False
-1.611662,108,4407.821586,collision,False
-1.506289,131,4420.051586,collision,False
0.980212,262,4444.157092,success,True
-1.465128,300,4471.255725,max_steps_exceeded,False
-2.333012,297,4496.041166,collision,False
-1.481138,300,4523.067599,max_steps_exceeded,False
-1.666402,156,4541.330351,collision,False
-0.72617,300,4570.042608,max_steps_exceeded,False
-0.937314,300,4599.851622,max_steps_exceeded,False
-1.594455,152,4615.119728,collision,False
-1.356763,178,4633.448086,collision,False
-1.769829,300,4659.381155,max_steps_exceeded,False
-1.496964,300,4889.588973,max_steps_exceeded,False
-1.148302,93,4907.178729,collision,False
-1.120093,70,4917.476147,collision,False
-2.063231,230,4937.844838,collision,False
-0.589755,300,4967.803782,max_steps_exceeded,False
1.950065,33,4977.911309,success,True
-1.801528,200,4994.59474,collision,False
-1.372517,179,5015.374045,collision,False
-1.151937,300,5043.669223,max_steps_exceeded,False
-1.356976,300,5070.253381,max_steps_exceeded,False
-1.106034,300,5096.676579,max_steps_exceeded,False
-1.84641,184,5114.636885,collision,False
-0.655738,300,5142.853662,max_steps_exceeded,False
-0.850012,300,5168.114545,max_steps_exceeded,False
-1.15466,300,5196.059902,max_steps_exceeded,False
-0.734201,300,5221.15742,max_steps_exceeded,False
-1.212165,300,5247.021815,max_steps_exceeded,False
-0.723206,300,5273.353288,max_steps_exceeded,False
-0.804079,300,5299.079394,max_steps_exceeded,False
-0.941041,300,5326.096685,max_steps_exceeded,False
-0.760511,300,5350.302749,max_steps_exceeded,False
-1.370983,132,5368.488963,collision,False
-1.404427,300,5394.229125,max_steps_exceeded,False
-1.09602,300,5422.369839,max_steps_exceeded,False
-1.607543,103,5434.800271,collision,False
-1.329213,72,5444.485087,collision,False
-1.192701,42,5450.69924,collision,False
-1.043471,300,5476.271664,max_steps_exceeded,False
-1.299723,71,5488.959281,collision,False
-1.190826,41,5496.081134,collision,False
-1.195176,43,5502.929246,collision,False
1.61665,143,5516.399824,success,True
-1.362604,172,5533.057227,collision,False
-1.528682,300,5560.583614,max_steps_exceeded,False
-1.246427,43,5570.945456,collision,False
-1.421501,300,5596.449669,max_steps_exceeded,False
-1.025818,300,5623.164918,max_steps_exceeded,False
-0.975178,300,5646.545313,max_steps_exceeded,False
-1.9255,279,5669.84838,collision,False
-1.000549,300,5697.632044,max_steps_exceeded,False
-1.404198,161,5718.931668,collision,False
-1.048081,300,5746.104842,max_steps_exceeded,False
-1.780478,273,5772.776764,collision,False
-1.909685,215,5794.811261,collision,False
-1.569926,252,5821.409989,collision,False
-1.506498,300,6011.712833,max_steps_exceeded,False
1.871242,62,6023.757892,success,True
-1.009025,300,6048.947097,max_steps_exceeded,False
-1.461567,229,6072.094365,collision,False
-1.289372,135,6086.87949,collision,False
1.849359,77,6097.958333,success,True
-1.117985,300,6122.20963,max_steps_exceeded,False
1.593125,169,6142.877174,success,True
-1.889499,281,6165.807034,collision,False
-0.469026,300,6196.430547,max_steps_exceeded,False
-0.815649,300,6220.80082,max_steps_exceeded,False
-1.774984,234,6243.11878,collision,False
-1.355064,300,6267.517849,max_steps_exceeded,False
-1.204397,83,6280.019361,collision,False
-1.443002,300,6305.999857,max_steps_exceeded,False
-1.501024,300,6330.906567,max_steps_exceeded,False
-1.499725,300,6357.436117,max_steps_exceeded,False
-0.771177,300,6381.852122,max_steps_exceeded,False
-1.351118,300,6408.730252,max_steps_exceeded,False
-1.55696,300,6432.57956,max_steps_exceeded,False
-1.34828,300,6456.400193,max_steps_exceeded,False
-0.56738,300,6480.450185,max_steps_exceeded,False
1.903338,50,6489.655461,success,True
-0.823986,300,6514.536042,max_steps_exceeded,False
1.872237,49,6522.232822,success,True
-1.430645,300,6546.93925,max_steps_exceeded,False
-0.620982,300,6574.33576,max_steps_exceeded,False
-0.799901,300,6599.736326,max_steps_exceeded,False
-1.103762,300,6623.921893,max_steps_exceeded,False
-1.156464,92,6636.333868,collision,False
1.884096,76,6644.425691,success,True
-0.817312,300,6669.361351,max_steps_exceeded,False
-1.115942,37,6675.299349,collision,False
-0.440132,300,6699.140775,max_steps_exceeded,False
-1.985129,269,6721.17939,collision,False
-0.597846,300,6746.864412,max_steps_exceeded,False
-1.112269,50,6754.575296,collision,False
1.834043,106,6764.978874,success,True
1.837573,118,6779.284297,success,True
-0.786246,300,6805.354056,max_steps_exceeded,False
-0.419146,300,6829.823585,max_steps_exceeded,False
1.857277,62,6839.955969,success,True
-0.441731,300,6865.306893,max_steps_exceeded,False
-0.954427,300,6888.409605,max_steps_exceeded,False
-0.76726,300,7082.699646,max_steps_exceeded,False
1.916295,45,7091.738331,success,True
-0.772449,300,7116.145698,max_steps_exceeded,False
-0.76661,300,7143.609499,max_steps_exceeded,False
-1.055439,38,7154.937006,collision,False
1.607977,150,7168.158288,success,True
-1.961152,293,7194.828303,collision,False
1.937081,94,7211.406924,success,True
1.981715,24,7216.246068,success,True
1.775113,94,7224.37045,success,True
-1.237003,300,7250.451287,max_steps_exceeded,False
-1.444543,120,7264.031753,collision,False
-0.885233,300,7291.545366,max_steps_exceeded,False
-1.132114,60,7299.520021,collision,False
-0.896791,300,7322.860534,max_steps_exceeded,False
-1.201849,300,7348.671928,max_steps_exceeded,False
-1.080972,37,7361.327998,collision,False
-0.80933,300,7384.750309,max_steps_exceeded,False
-1.052717,300,7412.027195,max_steps_exceeded,False
1.774721,131,7429.007091,success,True
-1.52321,239,7451.270175,collision,False
-1.350284,125,7465.498028,collision,False
-0.834507,300,7490.812167,max_steps_exceeded,False
-1.423207,300,7522.102799,max_steps_exceeded,False
-1.55526,116,7540.999614,collision,False
1.868451,59,7551.213126,success,True
-1.296065,300,7576.432834,max_steps_exceeded,False
-1.648413,170,7599.959292,collision,False
-0.979852,300,7626.504623,max_steps_exceeded,False
1.886617,119,7640.994301,success,True
-1.705251,196,7657.069724,collision,False
-1.263708,108,7675.616831,collision,False
-0.461846,300,7702.224327,max_steps_exceeded,False
1.691531,141,7720.523437,success,True
-1.522839,237,7741.50854,collision,False
-0.835638,300,7769.897701,max_steps_exceeded,False
1.920285,53,7778.123823,success,True
-1.206785,101,7788.436392,collision,False
-1.331596,100,7802.053071,collision,False
1.535867,234,7825.855493,success,True
-1.120976,300,7853.145605,max_steps_exceeded,False
-2.062188,246,7876.434084,collision,False
-1.314104,108,7890.000869,collision,False
-0.780202,300,7917.121718,max_steps_exceeded,False
1.898423,58,7924.965993,success,True
-0.502678,300,7950.140678,max_steps_exceeded,False
1.827131,79,7962.31936,success,True
-0.550525,300,7988.03267,max_steps_exceeded,False
-0.627218,300,8015.777536,max_steps_exceeded,False
-0.745496,300,8042.887173,max_steps_exceeded,False
-0.355966,300,8066.448411,max_steps_exceeded,False
-1.522098,93,8223.877147,collision,False
-1.304224,120,8238.1222,collision,False
-0.558629,300,8263.138256,max_steps_exceeded,False
-1.124117,68,8274.351457,collision,False
-1.165083,101,8284.875748,collision,False
1.856624,55,8293.215015,success,True
-1.330539,78,8303.217914,collision,False
-0.535186,300,8328.914453,max_steps_exceeded,False
-1.387588,120,8341.995903,collision,False
-1.298084,120,8355.84271,collision,False
1.883137,52,8365.006366,success,True
1.943559,63,8373.558426,success,True
1.864811,66,8380.975929,success,True
1.786465,156,8396.527688,success,True
-1.369717,84,8409.568752,collision,False
-1.505416,172,8427.313758,collision,False
1.873683,76,8438.410928,success,True
-1.219613,82,8448.148351,collision,False
-1.937047,226,8469.226489,collision,False
-1.337539,149,8490.687828,collision,False
1.867156,78,8503.592956,success,True
-0.354873,300,8528.457172,max_steps_exceeded,False
1.914948,36,8536.830112,success,True
-0.644386,300,8561.719408,max_steps_exceeded,False
-1.332088,282,8587.908704,collision,False
-0.700701,300,8612.208312,max_steps_exceeded,False
1.841408,90,8628.074185,success,True
-0.600989,300,8655.017135,max_steps_exceeded,False
-1.305618,300,8682.986516,max_steps_exceeded,False
1.970058,31,8696.743503,success,True
-1.207296,300,8720.119951,max_steps_exceeded,False
-1.497209,135,8736.105194,collision,False
1.835923,65,8746.98511,success,True
1.931646,38,8754.400934,success,True
1.877027,61,8761.999025,success,True
1.797979,166,8777.602983,success,True
-1.698034,176,8794.230595,collision,False
-1.566773,281,8821.047213,collision,False
-1.468802,157,8837.318488,collision,False
1.888322,49,8848.837558,success,True
1.928292,74,8857.669064,success,True
-1.755081,224,8876.019539,collision,False
-1.497378,163,8894.373189,collision,False
1.927922,63,8905.503989,success,True
-1.344621,166,8922.32899,collision,False
1.611053,117,8935.637672,success,True
-1.157839,45,8943.79295,collision,False
1.849327,108,8955.699169,success,True
1.959408,53,8963.184792,success,True
1.947225,26,8968.988627,success,True
-0.501933,300,8993.539682,max_steps_exceeded,False
-0.849434,300,9019.536662,max_steps_exceeded,False
-0.366635,300,9044.94749,max_steps_exceeded,False
1.837072,153,9059.568604,success,True
-1.684522,300,9083.597519,max_steps_exceeded,False
-1.805112,274,9114.043107,collision,False
-1.039061,300,9141.67145,max_steps_exceeded,False
-2.251089,255,9165.88891,collision,False
1.878054,48,9179.770171,success,True
1.543847,124,9193.387239,success,True
-1.324991,300,9219.663764,max_steps_exceeded,False
-1.014231,300,9248.36162,max_steps_exceeded,False
-0.576496,300,9480.601665,max_steps_exceeded,False
-1.660532,163,9499.042603,collision,False
-1.643907,296,9527.810437,collision,False
-1.364815,249,9551.83471,collision,False
1.948952,26,9558.852134,success,True
-2.051151,275,9581.56481,collision,False
-1.257206,80,9593.139613,collision,False
-2.061923,288,9618.951604,collision,False
-1.142516,74,9634.777285,collision,False
-1.164128,114,9648.356014,collision,False
1.84507,78,9659.236887,success,True
-1.141384,49,9667.479994,collision,False
-1.19824,109,9680.046362,collision,False
-1.09573,53,9690.771981,collision,False
1.935476,39,9698.581568,success,True
-0.861562,300,9722.752113,max_steps_exceeded,False
-1.357363,128,9740.765868,collision,False
1.925341,32,9748.625173,success,True
-1.205684,59,9756.612785,collision,False
-1.208401,49,9765.199143,collision,False
-1.509834,300,9791.149173,max_steps_exceeded,False
-1.161086,54,9808.377781,collision,False
-1.286079,128,9822.120227,collision,False
1.975869,25,9831.609289,success,True
-1.496904,209,9849.423667,collision,False
-1.299119,300,9877.938716,max_steps_exceeded,False
-1.417104,300,9907.353271,max_steps_exceeded,False
-0.931628,300,9935.01758,max_steps_exceeded,False
-1.50553,181,9954.231848,collision,False
-1.301684,174,9975.482867,collision,False
-1.84632,282,10003.744725,collision,False
-1.297639,124,10020.331104,collision,False
-1.637692,289,10048.124248,collision,False
-1.157801,53,10059.718268,collision,False
1.986363,15,10065.675226,success,True
-1.151767,60,10072.049603,collision,False
-0.482021,300,10098.331362,max_steps_exceeded,False
1.957493,36,10106.031051,success,True
-1.854009,282,10128.738389,collision,False
-1.180687,88,10141.647412,collision,False
-1.299594,300,10168.93304,max_steps_exceeded,False
1.866717,94,10186.215475,success,True
1.994379,10,10189.530446,success,True
-1.889206,214,10206.595769,collision,False
-1.369167,160,10225.636535,collision,False
-1.324774,163,10244.53274,collision,False
-0.670242,300,10271.59606,max_steps_exceeded,False
-0.804463,300,10299.545231,max_steps_exceeded,False
-2.394516,270,10324.69154,collision,False
-1.371193,183,10347.66061,collision,False
-0.879354,300,10375.775512,max_steps_exceeded,False
1.647893,214,10399.686166,success,True
1.949583,30,10405.082318,success,True
-1.224782,117,10417.047633,collision,False
-1.012687,300,10444.460696,max_steps_exceeded,False
1.917306,40,10454.09042,success,True
-0.672476,300,10478.72714,max_steps_exceeded,False
-1.12657,61,10491.14767,collision,False
-1.100323,51,10499.228978,collision,False
1.913898,82,10509.358369,success,True
1.906903,54,10518.530319,success,True
-0.89498,300,10649.977959,max_steps_exceeded,False
1.927757,84,10661.49304,success,True
-1.701016,216,10681.648408,collision,False
1.903604,50,10692.181815,success,True
1.838726,75,10701.254242,success,True
-0.953708,300,10726.956476,max_steps_exceeded,False
-1.148458,42,10737.602511,collision,False
-0.925743,300,10763.239285,max_steps_exceeded,False
-0.512703,300,10790.637958,max_steps_exceeded,False
-0.950232,300,10817.61233,max_steps_exceeded,False
-1.781514,252,10841.582502,collision,False
-1.171136,300,10872.107125,max_steps_exceeded,False
-1.103253,41,10883.481204,collision,False
-1.084814,41,10890.663783,collision,False
-1.092966,41,10897.428244,collision,False
-1.107935,41,10904.697583,collision,False
-1.157282,43,10911.905926,collision,False
1.953644,34,10918.603345,success,True
1.88748,89,10927.572874,success,True
-1.275983,110,10938.682249,collision,False
-1.074252,300,10965.657881,max_steps_exceeded,False
-0.856192,300,10994.076538,max_steps_exceeded,False
-0.694382,300,11024.978064,max_steps_exceeded,False
1.96068,37,11034.124343,success,True
-1.001217,300,11058.909548,max_steps_exceeded,False
-1.387327,204,11080.839415,collision,False
1.942494,33,11089.847621,success,True
-1.713195,192,11106.48606,collision,False
-0.709741,300,11135.820964,max_steps_exceeded,False
-1.601856,162,11154.134476,collision,False
1.835623,108,11170.140243,success,True
1.996219,6,11174.925589,success,True
-1.688432,220,11191.835452,collision,False
-0.348384,300,11218.646652,max_steps_exceeded,False
-0.508536,300,11243.95599,max_steps_exceeded,False
-1.13143,45,11254.562765,collision,False
1.81411,87,11263.858565,success,True
-1.19444,66,11274.011582,collision,False
-1.488107,255,11295.662062,collision,False
-0.606303,300,11324.389302,max_steps_exceeded,False
1.931781,44,11332.929932,success,True
1.923013,56,11340.365242,success,True
1.967967,21,11346.070435,success,True
-1.091484,33,11351.082322,collision,False
1.900239,46,11358.060609,success,True
-0.768494,300,11383.519272,max_steps_exceeded,False
-0.757756,300,11415.649021,max_steps_exceeded,False
1.713584,217,11441.885629,success,True
-0.568473,300,11468.446446,max_steps_exceeded,False
1.903702,45,11478.005107,success,True
-1.683364,204,11495.788975,collision,False
-0.872651,300,11523.730092,max_steps_exceeded,False
-1.129066,41,11534.936258,collision,False
-1.122866,34,11540.59804,collision,False
-1.41634,300,11564.682968,max_steps_exceeded,False
-1.216688,82,11577.362779,collision,False
1.766838,90,11589.107308,success,True
-0.547838,300,11614.4305,max_steps_exceeded,False
-1.476239,300,11638.63748,max_steps_exceeded,False
-0.495062,300,11668.563405,max_steps_exceeded,False
-1.116872,300,11894.717422,max_steps_exceeded,False
-1.245582,300,11926.575134,max_steps_exceeded,False
-1.76092,144,11944.148469,collision,False
-0.598489,300,11971.610532,max_steps_exceeded,False
-1.266569,300,12000.180422,max_steps_exceeded,False
-0.503616,300,12028.683805,max_steps_exceeded,False
-1.081781,40,12038.312189,collision,False
-0.49568,300,12063.597349,max_steps_exceeded,False
-1.312084,80,12073.355538,collision,False
-0.708564,300,12097.611095,max_steps_exceeded,False
-1.152172,300,12129.955987,max_steps_exceeded,False
-1.080647,300,12157.771553,max_steps_exceeded,False
-1.150484,69,12173.825161,collision,False
-1.315987,97,12184.401797,collision,False
-0.764645,300,12209.833486,max_steps_exceeded,False
1.645638,147,12231.578282,success,True
-1.350913,300,12257.637818,max_steps_exceeded,False
1.814917,128,12276.703929,success,True
-0.809048,300,12302.094992,max_steps_exceeded,False
-1.133692,64,12315.683821,collision,False
-0.597988,300,12339.945148,max_steps_exceeded,False
-2.073641,276,12367.45865,collision,False
-0.434752,300,12396.988585,max_steps_exceeded,False
-1.360984,300,12421.48913,max_steps_exceeded,False
-0.979008,300,12451.226468,max_steps_exceeded,False
-1.300443,300,12483.634669,max_steps_exceeded,False
-1.866631,300,12512.833364,max_steps_exceeded,False
-0.790018,300,12539.500524,max_steps_exceeded,False
-0.895109,300,12567.269293,max_steps_exceeded,False
-0.913752,300,12595.361761,max_steps_exceeded,False
-1.343302,300,12624.416943,max_steps_exceeded,False
1.748924,95,12642.186523,success,True
1.842452,55,12650.718004,success,True
-1.014847,300,12677.040218,max_steps_exceeded,False
-1.440331,300,12705.190363,max_steps_exceeded,False
-1.393395,300,12734.632409,max_steps_exceeded,False
-0.533284,300,12762.770704,max_steps_exceeded,False
-2.050737,269,12791.242616,collision,False
-1.086547,300,12818.110813,max_steps_exceeded,False
-1.415321,109,12837.036066,collision,False
1.886736,51,12847.429428,success,True
-0.755995,300,12872.49876,max_steps_exceeded,False
-1.772255,204,13045.382861,collision,False
-0.848705,300,13073.589968,max_steps_exceeded,False
-1.473962,117,13091.764002,collision,False
1.99592,7,13099.60105,success,True
1.910073,41,13104.132453,success,True
-1.217179,300,13129.178368,max_steps_exceeded,False
1.95768,35,13139.721677,success,True
-1.012586,300,13164.54565,max_steps_exceeded,False
-0.774883,300,13196.619977,max_steps_exceeded,False
-1.263135,300,13228.567372,max_steps_exceeded,False
-1.344058,89,13247.484299,collision,False
-0.860278,300,13274.597341,max_steps_exceeded,False
-1.66565,190,13299.239327,collision,False
-1.282125,99,13316.102466,collision,False
-0.973946,300,13343.987463,max_steps_exceeded,False
-1.405121,102,13359.882432,collision,False
-1.386125,112,13375.185513,collision,False
-1.028106,300,13403.903438,max_steps_exceeded,False
-1.578439,161,13427.062596,collision,False
-1.425285,136,13444.008143,collision,False
-1.218177,62,13455.991759,collision,False
-1.284288,68,13465.513999,collision,False
-2.284574,266,13489.373913,collision,False
-1.314036,138,13510.247076,collision,False
-1.46488,163,13528.420222,collision,False
-1.373582,300,13556.282801,max_steps_exceeded,False
-1.111466,300,13588.312913,max_steps_exceeded,False
-1.706032,300,13621.165631,max_steps_exceeded,False
-0.651451,300,13653.772943,max_steps_exceeded,False
-1.204458,300,13681.666776,max_steps_exceeded,False
-1.30797,300,13714.337076,max_steps_exceeded,False
-0.633245,300,13746.839309,max_steps_exceeded,False
-0.928109,300,13778.779944,max_steps_exceeded,False
-1.156412,300,13808.902879,max_steps_exceeded,False
-1.48963,300,13839.39505,max_steps_exceeded,False
-0.637954,300,13872.846458,max_steps_exceeded,False
-1.354565,300,13903.452567,max_steps_exceeded,False
-1.219622,300,13933.760333,max_steps_exceeded,False
-1.787022,300,13966.015353,max_steps_exceeded,False
-0.986841,300,13995.793093,max_steps_exceeded,False
-1.635882,255,14024.140145,collision,False
-0.918162,300,14052.638815,max_steps_exceeded,False
-0.818296,300,14081.503958,max_steps_exceeded,False
-1.784447,221,14106.816486,collision,False
-1.473715,205,14131.734179,collision,False
-1.359075,300,14439.669281,max_steps_exceeded,False
-1.923371,300,14472.323837,max_steps_exceeded,False
-1.856534,252,14500.303701,collision,False
-1.764443,300,14529.164086,max_steps_exceeded,False
-1.607523,300,14554.50563,max_steps_exceeded,False
-1.518609,135,14576.719658,collision,False
-1.20086,300,14602.919482,max_steps_exceeded,False
-1.074928,300,14633.978034,max_steps_exceeded,False
-1.347817,300,14665.661124,max_steps_exceeded,False
-1.441645,130,14686.506764,collision,False
-1.487271,300,14715.559308,max_steps_exceeded,False
-1.869036,300,14744.35727,max_steps_exceeded,False
-1.155275,300,14779.430434,max_steps_exceeded,False
1.943789,31,14791.081863,success,True
-1.230235,119,14802.379352,collision,False
-1.153663,44,14808.908689,collision,False
-0.919329,300,14832.303088,max_steps_exceeded,False
-0.992964,300,14862.515305,max_steps_exceeded,False
-0.904644,300,14893.882706,max_steps_exceeded,False
-1.494853,300,14918.383788,max_steps_exceeded,False
-1.344651,63,14930.306587,collision,False
-1.320463,61,14939.414461,collision,False
-1.095429,300,14964.868079,max_steps_exceeded,False
-1.948337,282,14992.395041,collision,False
-1.318114,69,15002.809986,collision,False
-2.015664,200,15022.523411,collision,False
-1.274148,77,15036.677231,collision,False
-0.351238,300,15061.846231,max_steps_exceeded,False
-0.905719,300,15088.490754,max_steps_exceeded,False
-1.083604,300,15115.062519,max_steps_exceeded,False
1.813109,80,15130.788668,success,True
-1.599808,227,15149.966464,collision,False
-0.827796,300,15178.854658,max_steps_exceeded,False
-0.537263,300,15209.025345,max_steps_exceeded,False
-0.36616,300,15234.738079,max_steps_exceeded,False
-0.845024,300,15259.57174,max_steps_exceeded,False
1.815485,69,15270.930614,success,True
-0.69615,300,15297.408435,max_steps_exceeded,False
-0.779076,300,15326.306181,max_steps_exceeded,False
1.891974,63,15333.788828,success,True
1.955817,41,15340.870892,success,True
1.88543,57,15347.259027,success,True
1.947686,47,15354.511032,success,True
-1.819009,274,15376.186226,collision,False
1.994075,10,15384.870969,success,True
-1.87748,252,15404.608521,collision,False
-1.557761,300,15648.534902,max_steps_exceeded,False
-1.50561,300,15676.689631,max_steps_exceeded,False
1.841842,95,15694.835843,success,True
-1.264066,73,15703.705321,collision,False
1.910319,40,15710.885523,success,True
1.886866,44,15717.66405,success,True
-0.765139,300,15742.930386,max_steps_exceeded,False
-0.845465,300,15768.176349,max_steps_exceeded,False
1.806864,98,15779.56966,success,True
-0.946621,300,15804.133259,max_steps_exceeded,False
-0.648385,300,15832.887951,max_steps_exceeded,False
-0.937169,300,15858.257795,max_steps_exceeded,False
1.874293,50,15871.745877,success,True
-0.754645,300,15896.850247,max_steps_exceeded,False
-2.155793,242,15924.340499,collision,False
1.752272,111,15940.274761,success,True
-1.598566,300,15966.368843,max_steps_exceeded,False
1.948949,28,15981.069483,success,True
1.968859,21,15985.607696,success,True
-0.946483,300,16009.663565,max_steps_exceeded,False
-0.868671,300,16040.033136,max_steps_exceeded,False
-1.927098,175,16060.424021,collision,False
-1.764592,222,16082.714181,collision,False
-1.152385,300,16112.911327,max_steps_exceeded,False
-1.319477,300,16142.564957,max_steps_exceeded,False
-1.494483,120,16159.074051,collision,False
-1.315149,77,16169.149729,collision,False
-0.975416,300,16194.019603,max_steps_exceeded,False
-0.915149,300,16222.888412,max_steps_exceeded,False
-1.840405,263,16248.692822,collision,False
-1.064459,300,16275.505186,max_steps_exceeded,False
-1.095963,300,16303.996203,max_steps_exceeded,False
1.905457,63,16316.006873,success,True
1.832981,70,16323.936966,success,True
-0.725249,300,16350.322922,max_steps_exceeded,False
-1.262071,145,16367.769197,collision,False
-0.903853,300,16393.91624,max_steps_exceeded,False
-0.986301,300,16422.29459,max_steps_exceeded,False
-0.86054,300,16453.527735,max_steps_exceeded,False
-1.21942,300,16481.815693,max_steps_exceeded,False
-1.556663,137,16497.656871,collision,False
-1.501064,300,16524.145025,max_steps_exceeded,False
-0.986132,300,16556.967923,max_steps_exceeded,False
-0.723481,300,16588.995296,max_steps_exceeded,False
-0.649729,300,16616.014515,max_steps_exceeded,False
-0.945907,300,16648.038081,max_steps_exceeded,False
-0.910427,300,16884.489257,max_steps_exceeded,False
1.991502,9,16889.362035,success,True
-1.803163,167,16902.842213,collision,False
1.955827,31,16911.543118,success,True
-1.38176,135,16924.140418,collision,False
-1.495049,89,16938.995972,collision,False
1.951294,36,16947.1435,success,True
-1.300762,300,16971.209865,max_steps_exceeded,False
-1.678261,300,17002.050363,max_steps_exceeded,False
-0.878288,300,17035.63057,max_steps_exceeded,False
-2.072522,270,17065.92001,collision,False
-1.810365,220,17091.056484,collision,False
-1.239889,157,17111.658745,collision,False
-1.641557,300,17141.131879,max_steps_exceeded,False
-1.040944,300,17173.038684,max_steps_exceeded,False
-1.249869,96,17186.573015,collision,False
-1.286349,65,17196.286871,collision,False
-1.178194,300,17221.991146,max_steps_exceeded,False
-1.46906,132,17242.899349,collision,False
-1.517034,129,17258.266374,collision,False
-1.28458,71,17269.87932,collision,False
-1.123193,300,17293.689826,max_steps_exceeded,False
-1.245419,300,17322.49743,max_steps_exceeded,False
-1.446342,300,17350.577338,max_steps_exceeded,False
1.989559,11,17362.448272,success,True
-1.411955,85,17370.38992,collision,False
-2.033436,182,17389.967455,collision,False
-1.205177,300,17420.501925,max_steps_exceeded,False
-2.142514,268,17444.499686,collision,False
-0.923698,300,17474.350273,max_steps_exceeded,False
-1.700924,300,17505.920752,max_steps_exceeded,False
-1.503203,300,17538.404192,max_steps_exceeded,False
-1.404186,300,17572.640474,max_steps_exceeded,False
-1.226726,300,17606.726252,max_steps_exceeded,False
-1.518021,185,17629.199775,collision,False
-1.575176,125,17647.131777,collision,False
-1.141824,300,17675.111128,max_steps_exceeded,False
-1.683967,163,17696.403008,collision,False
-1.815308,300,17726.10995,max_steps_exceeded,False
-1.347326,300,17758.255416,max_steps_exceeded,False
-1.206204,300,17788.431983,max_steps_exceeded,False
-1.352659,80,17803.939352,collision,False
-0.953257,300,17831.334141,max_steps_exceeded,False
-1.238942,300,17855.733463,max_steps_exceeded,False
-1.974229,261,17882.159623,collision,False
-1.720923,231,17909.477513,collision,False
-1.535723,287,18197.115903,collision,False
1.985336,18,18208.735352,success,True
-1.659696,136,18220.531146,collision,False
-1.121218,300,18250.646397,max_steps_exceeded,False
-1.152422,300,18282.212329,max_steps_exceeded,False
-1.78893,300,18314.244022,max_steps_exceeded,False
-1.761687,300,18342.134001,max_steps_exceeded,False
1.971074,19,18351.663995,success,True
1.55118,185,18367.487752,success,True
-1.526006,200,18391.466715,collision,False
-1.604061,130,18412.719285,collision,False
-1.755289,300,18442.254721,max_steps_exceeded,False
-1.794339,173,18460.402996,collision,False
-1.587877,300,18487.558167,max_steps_exceeded,False
1.910561,37,18495.080149,success,True
-0.985768,300,18519.871779,max_steps_exceeded,False
-1.615751,106,18531.396579,collision,False
-1.401039,300,18559.1117,max_steps_exceeded,False
-1.327843,300,18586.544506,max_steps_exceeded,False
-1.668409,300,18612.569406,max_steps_exceeded,False
-0.867584,300,18638.217515,max_steps_exceeded,False
-0.950946,300,18669.242271,max_steps_exceeded,False
-1.679751,255,18693.526885,collision,False
0.845146,237,18715.330056,success,True
-1.278759,300,18742.816566,max_steps_exceeded,False
-1.020488,300,18769.454122,max_steps_exceeded,False
-1.508525,300,18798.382834,max_steps_exceeded,False
-1.597564,300,18825.911389,max_steps_exceeded,False
-1.536043,300,18858.464116,max_steps_exceeded,False
-0.542822,300,18884.582607,max_steps_exceeded,False
-1.951996,191,18903.192926,collision,False
-2.182279,235,18925.727821,collision,False
-1.508872,300,18953.380585,max_steps_exceeded,False
-1.491599,300,18985.308922,max_steps_exceeded,False
-1.688989,169,19005.823046,collision,False
-1.607548,300,19031.006979,max_steps_exceeded,False
-1.783722,286,19059.92895,collision,False
-1.616005,156,19083.303174,collision,False
0.868522,240,19106.539023,success,True
-1.96029,300,19134.757029,max_steps_exceeded,False
-1.295857,300,19161.907509,max_steps_exceeded,False
-1.92438,300,19422.501575,max_steps_exceeded,False
-1.068823,300,19451.406494,max_steps_exceeded,False
-0.606537,300,19480.65971,max_steps_exceeded,False
-1.161092,300,19507.485172,max_steps_exceeded,False
-1.937517,284,19535.327708,collision,False
-2.207001,283,19562.017621,collision,False
-2.211334,196,19581.871714,collision,False
-1.575882,262,19607.406015,collision,False
-1.884674,300,19636.433757,max_steps_exceeded,False
-1.568919,300,19664.753878,max_steps_exceeded,False
-1.37245,300,19695.494956,max_steps_exceeded,False
-1.577974,300,19727.522984,max_steps_exceeded,False
-1.402367,300,19752.443476,max_steps_exceeded,False
-1.459643,300,19784.022415,max_steps_exceeded,False
-1.607857,300,19813.032723,max_steps_exceeded,False
-0.921265,300,19844.791204,max_steps_exceeded,False
-1.914846,262,19874.109232,collision,False
-1.326825,300,19905.415752,max_steps_exceeded,False
-1.665746,300,19937.479908,max_steps_exceeded,False
-1.435382,300,19971.519314,max_steps_exceeded,False
-1.602126,300,20003.99022,max_steps_exceeded,False
-1.167514,300,20037.750764,max_steps_exceeded,False
-1.20508,300,20069.762224,max_steps_exceeded,False
-1.231399,300,20101.596601,max_steps_exceeded,False
-1.252819,300,20128.606415,max_steps_exceeded,False
-1.642082,300,20158.960132,max_steps_exceeded,False
-1.12989,300,20189.676036,max_steps_exceeded,False
-1.497458,300,20222.030144,max_steps_exceeded,False
-1.716771,300,20254.313257,max_steps_exceeded,False
-1.345421,300,20286.720756,max_steps_exceeded,False
-1.036545,300,20318.568629,max_steps_exceeded,False
-1.23899,300,20348.631221,max_steps_exceeded,False
-1.434826,300,20378.461203,max_steps_exceeded,False
-1.240514,300,20408.146001,max_steps_exceeded,False
-1.348989,300,20437.553407,max_steps_exceeded,False
-1.24558,300,20718.633024,max_steps_exceeded,False
1.736247,127,20737.617322,success,True
-1.192006,300,20765.180878,max_steps_exceeded,False
-0.83573,300,20794.960835,max_steps_exceeded,False
-0.509747,300,20825.207302,max_steps_exceeded,False
-1.162741,300,20852.474807,max_steps_exceeded,False
-1.111336,300,20883.916933,max_steps_exceeded,False
-1.408832,300,20914.317343,max_steps_exceeded,False
-0.793185,300,20943.898564,max_steps_exceeded,False
-1.954636,215,20964.775008,collision,False
-1.743649,300,20997.148417,max_steps_exceeded,False
-1.69019,300,21026.858783,max_steps_exceeded,False
-1.151628,300,21057.366737,max_steps_exceeded,False
-0.937276,300,21089.51791,max_steps_exceeded,False
-1.527166,300,21122.094483,max_steps_exceeded,False
-0.91715,300,21152.888957,max_steps_exceeded,False
-1.788438,237,21176.742651,collision,False
-1.329136,300,21208.904367,max_steps_exceeded,False
-1.385989,159,21230.609192,collision,False
-1.05115,300,21261.765938,max_steps_exceeded,False
-1.117284,300,21293.149277,max_steps_exceeded,False
-2.20919,279,21323.333589,collision,False
-0.827507,300,21355.23883,max_steps_exceeded,False
-1.186993,300,21385.944567,max_steps_exceeded,False
-1.69884,300,21415.917176,max_steps_exceeded,False
-1.318141,300,21447.45683,max_steps_exceeded,False
-1.45807,300,21476.242596,max_steps_exceeded,False
-1.524466,300,21507.414103,max_steps_exceeded,False
-1.73593,300,21535.312672,max_steps_exceeded,False
-1.506598,300,21563.371116,max_steps_exceeded,False
-1.197422,300,21594.383243,max_steps_exceeded,False
-1.263683,300,21623.757924,max_steps_exceeded,False
-1.331655,300,21652.75759,max_steps_exceeded,False
-0.704902,300,21680.445732,max_steps_exceeded,False
-1.745633,300,21929.685102,max_steps_exceeded,False
-1.08796,43,21941.092772,collision,False
-1.382677,300,21965.112172,max_steps_exceeded,False
-1.841329,300,21991.775643,max_steps_exceeded,False
-1.613057,135,22009.552517,collision,False
-1.263306,300,22035.773481,max_steps_exceeded,False
-1.383344,87,22049.455404,collision,False
1.600446,168,22064.796041,success,True
-2.158825,286,22092.32823,collision,False
-1.269738,300,22123.22537,max_steps_exceeded,False
-1.582785,300,22152.556983,max_steps_exceeded,False
-1.64364,191,22173.47358,collision,False
-1.740875,300,22199.3044,max_steps_exceeded,False
-1.418835,300,22227.390838,max_steps_exceeded,False
-1.066538,300,22255.040985,max_steps_exceeded,False
-1.489192,300,22284.565606,max_steps_exceeded,False
-1.484147,300,22313.859417,max_steps_exceeded,False
1.458821,284,22342.653046,success,True
-0.946884,300,22372.129727,max_steps_exceeded,False
-0.548295,300,22401.713298,max_steps_exceeded,False
-1.09063,300,22431.565005,max_steps_exceeded,False
-0.881377,300,22461.171362,max_steps_exceeded,False
-0.825898,300,22486.273194,max_steps_exceeded,False
1.616677,203,22509.246928,success,True
-1.509061,300,22538.095661,max_steps_exceeded,False
-1.563434,300,22568.160949,max_steps_exceeded,False
1.215312,245,22591.967695,success,True
-1.361225,300,22621.274298,max_steps_exceeded,False
-1.423424,300,22651.540633,max_steps_exceeded,False
-1.390319,300,22680.328796,max_steps_exceeded,False
-0.634001,300,22712.699689,max_steps_exceeded,False
-0.746415,300,22742.091602,max_steps_exceeded,False
-0.694155,300,22770.55961,max_steps_exceeded,False
-0.576274,300,22798.954543,max_steps_exceeded,False
-0.688167,300,22828.120832,max_steps_exceeded,False
-1.279625,300,22856.059332,max_steps_exceeded,False
-1.682794,278,22881.647254,collision,False
1.609126,181,22900.99537,success,True
-1.095202,300,23148.196194,max_steps_exceeded,False
-1.851674,221,23168.873377,collision,False
-0.53985,300,23201.21671,max_steps_exceeded,False
-0.912107,300,23229.613762,max_steps_exceeded,False
-1.626299,155,23248.683863,collision,False
-0.686922,300,23276.789181,max_steps_exceeded,False
-0.664295,300,23304.063514,max_steps_exceeded,False
1.466445,279,23332.167798,success,True
-1.043891,300,23361.024124,max_steps_exceeded,False
-0.764652,300,23388.648753,max_steps_exceeded,False
-2.139663,264,23414.70189,collision,False
-1.229507,74,23429.094167,collision,False
-0.88064,300,23455.290087,max_steps_exceeded,False
-0.571256,300,23484.822037,max_steps_exceeded,False
-1.889561,219,23509.141248,collision,False
-1.357734,300,23537.52163,max_steps_exceeded,False
-1.162639,300,23566.50421,max_steps_exceeded,False
-1.082631,300,23596.813401,max_steps_exceeded,False
-1.189039,300,23621.59066,max_steps_exceeded,False
-1.110984,34,23632.463591,collision,False
-1.08014,300,23657.629934,max_steps_exceeded,False
-1.744826,212,23681.288206,collision,False
-1.92282,213,23703.483616,collision,False
-1.182143,300,23731.819907,max_steps_exceeded,False
-2.084257,245,23757.13786,collision,False
-1.11033,39,23768.225979,collision,False
-1.711891,178,23784.821377,collision,False
-1.713619,159,23804.522575,collision,False
-0.627885,300,23832.537894,max_steps_exceeded,False
-1.526268,106,23848.831983,collision,False
-1.547181,142,23865.600683,collision,False
-1.055326,300,23893.321028,max_steps_exceeded,False
1.670761,170,23913.021393,success,True
-1.146224,300,23940.813525,max_steps_exceeded,False
-0.628253,300,23967.877137,max_steps_exceeded,False
-2.243075,260,23995.008215,collision,False
-0.662821,300,24019.824044,max_steps_exceeded,False
-1.297904,300,24048.763534,max_steps_exceeded,False
-1.377325,300,24078.504097,max_steps_exceeded,False
-0.672557,300,24103.643476,max_steps_exceeded,False
-0.941008,300,24357.619214,max_steps_exceeded,False
-1.163163,300,24386.758246,max_steps_exceeded,False
-1.81897,281,24413.617369,collision,False
-1.128337,300,24443.01586,max_steps_exceeded,False
-1.197604,300,24471.354464,max_steps_exceeded,False
-1.137578,300,24497.273904,max_steps_exceeded,False
-1.089851,300,24525.738536,max_steps_exceeded,False
-0.953096,300,24554.762194,max_steps_exceeded,False
-1.107934,300,24583.844181,max_steps_exceeded,False
-1.126621,35,24594.03984,collision,False
-0.740014,300,24618.301583,max_steps_exceeded,False
-1.106931,300,24642.5369,max_steps_exceeded,False
-1.214211,300,24668.737457,max_steps_exceeded,False
-1.101513,300,24694.331605,max_steps_exceeded,False
-0.652985,300,24722.308975,max_steps_exceeded,False
-0.935549,300,24750.72835,max_steps_exceeded,False
-0.642809,300,24780.326441,max_steps_exceeded,False
-1.324023,300,24809.16258,max_steps_exceeded,False
1.847185,73,24818.663249,success,True
-1.022451,300,24844.721087,max_steps_exceeded,False
-0.803355,300,24873.508068,max_steps_exceeded,False
-0.994572,300,24901.065892,max_steps_exceeded,False
-1.122655,300,24929.154431,max_steps_exceeded,False
-1.225293,70,24939.62281,collision,False
-0.520034,300,24965.644352,max_steps_exceeded,False
-0.618847,300,24993.668822,max_steps_exceeded,False
1.849574,61,25005.463575,success,True
-1.052216,300,25030.89661,max_steps_exceeded,False
-1.365434,300,25058.853468,max_steps_exceeded,False
-1.37744,300,25084.461622,max_steps_exceeded,False
-0.86333,300,25112.227515,max_steps_exceeded,False
-0.734478,300,25139.481993,max_steps_exceeded,False
-0.789654,300,25168.935202,max_steps_exceeded,False
-1.062651,300,25197.989724,max_steps_exceeded,False
-1.020617,300,25224.833008,max_steps_exceeded,False
-0.523877,300,25252.86774,max_steps_exceeded,False
-0.923259,300,25279.958643,max_steps_exceeded,False
-0.963221,300,25495.491895,max_steps_exceeded,False
-1.002498,300,25524.514722,max_steps_exceeded,False
-0.889815,300,25551.606133,max_steps_exceeded,False
-1.157628,49,25562.797249,collision,False
-0.666547,300,25588.571744,max_steps_exceeded,False
-0.721946,300,25618.113194,max_steps_exceeded,False
-0.911831,300,25647.214479,max_steps_exceeded,False
1.813353,119,25662.942758,success,True
1.87851,67,25671.751065,success,True
-0.938017,300,25697.819894,max_steps_exceeded,False
-0.863305,300,25724.434832,max_steps_exceeded,False
1.960417,26,25733.984385,success,True
-1.504804,207,25751.890828,collision,False
-0.441292,300,25778.860605,max_steps_exceeded,False
-1.334322,135,25795.711913,collision,False
1.92467,36,25804.644111,success,True
1.902004,62,25813.299969,success,True
-0.54697,300,25838.814126,max_steps_exceeded,False
-0.984322,300,25867.592904,max_steps_exceeded,False
-0.605646,300,25897.11609,max_steps_exceeded,False
-0.797866,300,25922.944698,max_steps_exceeded,False
-0.377762,300,25952.250011,max_steps_exceeded,False
1.958752,23,25962.3032,success,True
-0.608116,300,25986.38824,max_steps_exceeded,False
1.976404,17,25996.051576,success,True
1.450268,291,26019.243186,success,True
-1.323208,107,26034.900389,collision,False
1.930264,51,26044.314864,success,True
1.952417,44,26051.517,success,True
-0.944535,300,26075.478168,max_steps_exceeded,False
-0.768836,300,26104.289932,max_steps_exceeded,False
-0.708281,300,26134.016717,max_steps_exceeded,False
-0.643441,300,26161.225139,max_steps_exceeded,False
1.971179,30,26171.864828,success,True
1.783179,114,26183.299533,success,True
1.903475,45,26192.685916,success,True
1.876861,62,26201.115497,success,True
-0.827492,300,26226.87217,max_steps_exceeded,False
1.969107,22,26232.932408,success,True
-0.583404,300,26257.378836,max_steps_exceeded,False
1.876264,62,26269.542797,success,True
1.878866,63,26278.874286,success,True
1.915489,37,26286.218822,success,True
1.943319,40,26293.069897,success,True
-0.398012,300,26317.510124,max_steps_exceeded,False
-0.778847,300,26341.946218,max_steps_exceeded,False
1.158083,294,26367.694186,success,True
-0.38293,300,26395.984075,max_steps_exceeded,False
-0.613495,300,26420.938122,max_steps_exceeded,False
-0.83062,300,26447.191523,max_steps_exceeded,False
-0.614313,300,26656.510524,max_steps_exceeded,False
-1.451765,162,26678.666873,collision,False
1.795979,178,26699.179365,success,True
1.962326,23,26705.878432,success,True
-0.439979,300,26730.243053,max_steps_exceeded,False
1.52901,258,26753.097258,success,True
1.900319,58,26761.183173,success,True
1.926084,45,26769.337918,success,True
-0.601166,300,26794.928176,max_steps_exceeded,False
-0.919284,300,26823.201243,max_steps_exceeded,False
-0.698676,300,26848.509479,max_steps_exceeded,False
1.902921,55,26856.931268,success,True
1.904537,61,26865.537002,success,True
1.973984,19,26871.608409,success,True
1.906218,43,26877.461253,success,True
1.935187,36,26883.715643,success,True
-1.726185,300,26908.502868,max_steps_exceeded,False
-0.436997,300,26937.757949,max_steps_exceeded,False
1.791204,105,26949.187269,success,True
1.871655,71,26960.248115,success,True
-0.92396,300,26986.860801,max_steps_exceeded,False
1.726225,137,27004.154124,success,True
1.307762,231,27026.646405,success,True
1.912072,58,27037.459154,success,True
1.97727,17,27042.530546,success,True
1.827752,82,27050.888032,success,True
-1.3177,300,27078.199765,max_steps_exceeded,False
1.836955,68,27090.333138,success,True
-0.742689,300,27116.22222,max_steps_exceeded,False
1.913678,79,27126.346586,success,True
1.904395,73,27135.631943,success,True
-0.859902,300,27161.044336,max_steps_exceeded,False
-1.368921,300,27186.002983,max_steps_exceeded,False
1.963919,21,27191.41802,success,True
-2.106577,231,27210.540902,collision,False
1.917129,37,27220.915867,success,True
-0.687575,300,27246.165234,max_steps_exceeded,False
-0.805704,300,27271.879219,max_steps_exceeded,False
1.992587,9,27277.448245,success,True
-0.982784,300,27300.852935,max_steps_exceeded,False
1.926115,37,27307.457594,success,True
-0.847872,300,27332.268018,max_steps_exceeded,False
-1.337428,300,27360.988309,max_steps_exceeded,False
1.905065,44,27368.745743,success,True
1.976948,23,27374.138026,success,True
-1.341123,300,27398.673395,max_steps_exceeded,False
-0.650456,300,27426.242594,max_steps_exceeded,False
-1.679114,149,27441.247949,collision,False
-1.238315,300,27467.157472,max_steps_exceeded,False
1.86554,66,27477.252047,success,True
-0.968258,300,27504.027381,max_steps_exceeded,False
-1.414059,300,27529.517797,max_steps_exceeded,False
1.947223,27,27536.179943,success,True
1.945714,35,27541.963915,success,True
-0.574396,300,27566.903409,max_steps_exceeded,False
-0.662023,300,27592.805501,max_steps_exceeded,False
1.97247,20,27601.553519,success,True
1.963447,23,27605.87569,success,True
1.90269,40,27611.673252,success,True
1.859457,110,27623.542086,success,True
-0.354871,300,27650.309762,max_steps_exceeded,False
1.936057,35,27656.77878,success,True
-1.600406,300,27852.984596,max_steps_exceeded,False
1.924542,42,27861.651,success,True
1.9046,39,27868.30584,success,True
1.838337,78,27878.160017,success,True
-0.707297,300,27905.145631,max_steps_exceeded,False
-0.663597,300,27931.150284,max_steps_exceeded,False
-1.883402,290,27955.636339,collision,False
1.898426,45,27966.66623,success,True
1.87613,49,27974.419439,success,True
-1.046573,300,28000.596899,max_steps_exceeded,False
1.895272,83,28012.074148,success,True
1.943859,28,28016.92771,success,True
-1.113319,300,28041.364489,max_steps_exceeded,False
1.936575,72,28052.560106,success,True
1.977991,28,28057.208025,success,True
-0.892922,300,28080.908336,max_steps_exceeded,False
-0.733098,300,28105.537168,max_steps_exceeded,False
1.968549,23,28111.450866,success,True
-1.311612,300,28135.724389,max_steps_exceeded,False
-0.721569,300,28161.075474,max_steps_exceeded,False
1.79347,201,28179.576768,success,True
1.967459,34,28187.121457,success,True
-0.448996,300,28211.721824,max_steps_exceeded,False
1.910185,79,28221.212919,success,True
-1.450725,222,28240.688694,collision,False
1.814434,88,28254.021643,success,True
1.89344,46,28263.264238,success,True
1.573084,181,28280.0613,success,True
-0.59968,300,28308.055162,max_steps_exceeded,False
-0.524789,300,28333.98037,max_steps_exceeded,False
1.966639,22,28339.788361,success,True
1.617076,189,28356.24531,success,True
1.947539,37,28365.962898,success,True
1.892665,50,28372.587084,success,True
1.873637,88,28382.867591,success,True
1.928575,42,28391.597893,success,True
1.963259,38,28398.006072,success,True
1.698492,139,28411.517367,success,True
-1.408445,166,28430.233677,collision,False
1.722522,92,28440.900448,success,True
1.732687,89,28453.240373,success,True
-1.205329,65,28463.936499,collision,False
1.92334,50,28472.321953,success,True
1.940871,30,28477.904212,success,True
-0.452238,300,28502.776232,max_steps_exceeded,False
1.771761,174,28519.720395,success,True
1.89308,54,28529.669079,success,True
1.959355,42,28537.477811,success,True
1.959517,29,28541.929542,success,True
-1.14546,90,28551.0435,collision,False
1.810999,127,28565.89379,success,True
1.93462,38,28572.772101,success,True
1.928566,59,28580.451464,success,True
-1.234369,123,28593.532115,collision,False
1.890773,76,28603.959325,success,True
1.934299,36,28610.304491,success,True
-0.549136,300,28635.272218,max_steps_exceeded,False
1.910864,36,28647.005841,success,True
-0.464921,300,28671.943835,max_steps_exceeded,False
1.807151,69,28680.73262,success,True
1.866615,82,28691.369145,success,True
1.745301,96,28703.76403,success,True
1.932446,42,28713.061853,success,True
-1.217908,126,28725.988768,collision,False
1.897848,43,28735.03566,success,True
1.936046,48,28742.705651,success,True
1.996482,6,28746.372233,success,True
1.959172,26,28749.993894,success,True
1.452152,194,28766.707382,success,True
1.779712,76,28779.788751,success,True
1.773976,198,28799.205813,success,True
1.837095,71,28809.705099,success,True
-1.498743,215,28830.026609,collision,False
1.91539,59,28840.433868,success,True
1.952606,27,28846.896655,success,True
1.967172,22,28851.683055,success,True
-0.390918,300,28876.240144,max_steps_exceeded,False
-0.541893,300,29012.967903,max_steps_exceeded,False
1.928861,44,29021.073228,success,True
1.978109,23,29026.597799,success,True
1.916017,40,29031.76181,success,True
1.959018,24,29037.31247,success,True
1.956162,27,29042.082942,success,True
1.910686,66,29049.610254,success,True
1.929145,35,29057.012858,success,True
1.877605,44,29063.863627,success,True
1.853267,76,29073.864593,success,True
-1.599505,251,29096.510368,collision,False
1.865156,49,29103.777977,success,True
-0.446583,300,29129.830329,max_steps_exceeded,False
1.951581,27,29138.674788,success,True
-1.179034,56,29145.925568,collision,False
1.959307,25,29153.00364,success,True
1.898731,43,29159.177765,success,True
1.609449,162,29174.621069,success,True
1.945047,53,29185.051406,success,True
1.631205,150,29199.760472,success,True
1.93356,34,29205.830481,success,True
1.720114,127,29218.3967,success,True
-0.353715,300,29247.121775,max_steps_exceeded,False
1.879835,75,29258.93379,success,True
1.769595,84,29269.347018,success,True
1.743255,89,29280.905385,success,True
1.909117,65,29291.356246,success,True
1.872899,50,29299.613678,success,True
1.912061,72,29308.919819,success,True
1.961715,24,29314.687541,success,True
-1.107011,36,29320.221586,collision,False
1.908684,93,29329.942212,success,True
1.9347,32,29337.923555,success,True
-1.218474,109,29349.458422,collision,False
1.928352,36,29355.951522,success,True
1.920607,36,29362.085263,success,True
1.937758,34,29368.496092,success,True
-1.354463,206,29386.266991,collision,False
1.928198,38,29394.664706,success,True
1.303667,285,29418.55652,success,True
-1.200173,50,29428.971249,collision,False
-1.049344,37,29435.826474,collision,False
1.947611,29,29440.959455,success,True
1.934782,35,29446.584563,success,True
1.843656,67,29455.278524,success,True
1.829344,77,29465.750071,success,True
1.987811,16,29471.845805,success,True
-0.351087,300,29495.011532,max_steps_exceeded,False
1.957354,22,29500.17645,success,True
-1.041411,300,29524.551106,max_steps_exceeded,False
1.876046,45,29535.225596,success,True
1.913111,76,29545.243404,success,True
1.68236,112,29555.147443,success,True
1.92754,32,29563.332006,success,True
-1.586119,291,29587.716782,collision,False
1.832305,98,29599.455243,success,True
1.967228,31,29606.968893,success,True
-2.196574,231,29626.035972,collision,False
1.903772,52,29633.972437,success,True
1.921067,42,29641.343297,success,True
-1.237634,156,29655.978438,collision,False
1.990304,10,29661.339975,success,True
-1.376669,147,29673.6491,collision,False
1.865321,52,29681.516232,success,True
1.877753,59,29690.159904,success,True
1.870879,54,29698.039054,success,True
1.777595,88,29708.640344,success,True
-0.596435,300,29735.726445,max_steps_exceeded,False
1.982699,19,29745.362551,success,True
1.953204,25,29749.42308,success,True
1.691839,152,29763.493247,success,True
-0.742819,300,29791.121146,max_steps_exceeded,False
1.953171,33,29799.210946,success,True
-1.313559,300,29823.36213,max_steps_exceeded,False
1.750974,177,29839.599444,success,True
1.937139,30,29846.853592,success,True
1.968677,24,29852.094619,success,True
1.953357,26,29856.628836,success,True
1.489361,269,29877.736337,success,True
1.930111,33,29888.96815,success,True
1.791148,74,29898.426659,success,True
1.913903,57,29907.63803,success,True
1.886166,46,29914.085449,success,True
-1.279731,124,29927.098672,collision,False
1.95372,26,29933.216779,success,True
1.927677,34,29938.505699,success,True
1.795076,74,29947.53604,success,True
1.376757,162,29963.530178,success,True
1.774222,81,29977.47773,success,True
1.936824,33,29985.194606,success,True
1.884352,58,29993.030423,success,True
1.777336,89,30003.915641,success,True
1.903837,38,30011.797436,success,True
1.912495,39,30018.595559,success,True
1.849791,113,30030.88155,success,True
-1.5082,249,30053.938335,collision,False
1.954036,26,30060.092343,success,True
-0.520225,300,30084.437232,max_steps_exceeded,False
1.919379,38,30093.927372,success,True
-0.323003,300,30119.370893,max_steps_exceeded,False
1.831285,97,30131.703896,success,True
-0.858686,300,30158.065488,max_steps_exceeded,False
-1.225086,300,30317.329746,max_steps_exceeded,False
1.601486,134,30331.683856,success,True
1.94037,31,30340.113586,success,True
-1.129922,75,30348.689819,collision,False
1.669363,106,30359.166047,success,True
-1.010477,300,30387.07438,max_steps_exceeded,False
1.729079,95,30398.47137,success,True
1.743157,115,30412.517402,success,True
-1.791544,243,30435.90057,collision,False
1.955646,34,30445.301621,success,True
-1.672653,234,30465.290448,collision,False
1.861002,53,30475.363618,success,True
1.986967,14,30481.293795,success,True
1.820838,73,30488.812569,success,True
1.903227,41,30496.910843,success,True
1.86844,48,30504.561803,success,True
1.957653,45,30512.411137,success,True
1.890985,43,30518.540903,success,True
1.540359,271,30542.222031,success,True
-1.557044,285,30567.386074,collision,False
1.780788,105,30580.764379,success,True
1.916512,51,30590.25422,success,True
-1.683409,253,30611.482853,collision,False
-1.177045,61,30619.564185,collision,False
1.723418,99,30631.796426,success,True
1.90171,46,30640.9764,success,True
1.968439,26,30646.776364,success,True
1.630612,121,30657.776797,success,True
1.88983,46,30667.774283,success,True
1.966795,26,30674.379787,success,True
1.943581,45,30680.719512,success,True
1.978388,21,30685.336578,success,True
1.945111,29,30690.055381,success,True
-1.55499,263,30712.41323,collision,False
1.772696,180,30732.651805,success,True
1.965262,35,30738.738492,success,True
1.901216,56,30746.049562,success,True
1.939751,29,30752.173659,success,True
-1.699102,243,30773.164728,collision,False
1.977625,37,30779.680417,success,True
1.684926,160,30794.097374,success,True
1.898951,72,30805.063441,success,True
1.867216,49,30813.604818,success,True
-0.76988,300,30839.294101,max_steps_exceeded,False
1.839632,100,30853.13402,success,True
1.88907,57,30862.755114,success,True
1.939185,44,30869.699922,success,True
-0.808917,300,30895.045418,max_steps_exceeded,False
1.928038,49,30904.487219,success,True
1.924871,34,30910.98137,success,True
-0.563406,300,30936.074698,max_steps_exceeded,False
1.981501,19,30947.539898,success,True
1.680778,101,30957.159,success,True
1.889656,43,30966.57531,success,True
1.977036,28,30973.132861,success,True
1.900511,40,30978.88837,success,True
1.80055,74,30988.465163,success,True
1.992165,8,30994.648548,success,True
-0.541206,300,31017.902279,max_steps_exceeded,False
-1.344535,98,31030.337909,collision,False
-1.258,82,31042.427379,collision,False
1.891488,42,31050.451974,success,True
-0.901612,300,31075.959613,max_steps_exceeded,False
1.859673,70,31085.640255,success,True
1.944337,46,31094.263873,success,True
1.914783,63,31103.20384,success,True
-0.481205,300,31127.976894,max_steps_exceeded,False
1.95575,25,31134.880212,success,True
1.912114,43,31141.086121,success,True
1.889011,65,31149.686351,success,True
1.586294,119,31161.630128,success,True
-1.058788,300,31190.242448,max_steps_exceeded,False
1.849922,98,31201.929341,success,True
1.910019,61,31211.404401,success,True
-1.011729,300,31237.490433,max_steps_exceeded,False
1.841646,75,31248.435724,success,True
-1.34639,268,31272.342252,collision,False
1.856929,93,31288.442111,success,True
1.926325,50,31296.934087,success,True
1.684668,116,31309.053843,success,True
1.585142,127,31325.208201,success,True
-0.412078,300,31353.365883,max_steps_exceeded,False
1.922708,35,31361.328831,success,True
1.787588,78,31370.69503,success,True
1.738127,126,31385.059648,success,True
1.941949,29,31394.310679,success,True
1.796779,109,31405.472517,success,True
-0.920663,300,31576.453931,max_steps_exceeded,False
1.672923,252,31598.471814,success,True
1.839571,100,31610.087762,success,True
1.927486,60,31618.071805,success,True
1.811815,81,31628.783477,success,True
1.989127,11,31635.500893,success,True
1.922426,45,31640.999429,success,True
1.874135,48,31647.78255,success,True
1.836252,70,31657.333832,success,True
-1.235393,300,31683.63557,max_steps_exceeded,False
1.978422,17,31692.757766,success,True
1.925427,34,31697.74727,success,True
1.822926,127,31710.423961,success,True
1.922363,42,31718.596275,success,True
1.918362,34,31724.957053,success,True
-1.342277,176,31741.831691,collision,False
-0.756614,300,31772.174551,max_steps_exceeded,False
1.992742,9,31780.63078,success,True
1.862556,61,31786.958631,success,True
-1.45743,193,31805.332932,collision,False
1.780681,89,31819.727995,success,True
1.783375,81,31831.507212,success,True
1.931806,33,31840.145194,success,True
1.840384,76,31849.441506,success,True
1.940953,34,31856.515417,success,True
1.942865,32,31862.208757,success,True
1.854778,77,31870.784181,success,True
1.896294,72,31881.46364,success,True
1.917768,49,31890.634146,success,True
1.818779,62,31899.447367,success,True
1.832409,61,31908.446183,success,True
1.927714,34,31915.564179,success,True
1.983438,21,31921.05119,success,True
-0.508193,300,31944.638209,max_steps_exceeded,False
1.927497,42,31952.324039,success,True
1.566663,151,31966.743232,success,True
-1.033389,300,31994.786125,max_steps_exceeded,False
1.790857,79,32010.798319,success,True
1.890869,47,32019.540299,success,True
1.985327,14,32024.564032,success,True
1.920402,39,32029.69576,success,True
1.892315,69,32038.01537,success,True
1.953785,57,32046.850963,success,True
1.905999,45,32054.497643,success,True
-0.819041,300,32079.449495,max_steps_exceeded,False
-1.496654,122,32093.144238,collision,False
1.851583,55,32103.006808,success,True
1.872402,58,32111.981158,success,True
1.83785,94,32123.047761,success,True
1.956506,27,32131.177675,success,True
1.972467,20,32135.334749,success,True
-0.790302,300,32159.45935,max_steps_exceeded,False
1.830014,110,32171.362043,success,True
-1.56085,143,32185.723533,collision,False
1.751173,87,32196.672302,success,True
1.858528,97,32209.681696,success,True
1.909054,39,32216.009762,success,True
1.877404,50,32223.707317,success,True
1.952549,26,32229.926605,success,True
1.844629,68,32237.871251,success,True
1.956419,24,32244.882729,success,True
1.92884,40,32250.861512,success,True
1.914532,39,32257.170083,success,True
1.911583,42,32264.073025,success,True
-1.253908,300,32289.31338,max_steps_exceeded,False
1.897193,71,32304.12101,success,True
1.94759,43,32310.726376,success,True
1.901812,44,32316.685413,success,True
1.930472,51,32324.4626,success,True
-0.592144,300,32349.984463,max_steps_exceeded,False
-1.104379,300,32375.657985,max_steps_exceeded,False
1.955716,26,32382.637954,success,True
1.602802,156,32396.662462,success,True
1.821137,153,32415.184867,success,True
1.917941,66,32422.647247,success,True
-2.043927,207,32441.338283,collision,False
1.743197,88,32454.345755,success,True
1.913977,36,32462.976809,success,True
-0.589544,300,32488.443552,max_steps_exceeded,False
-0.529685,300,32513.794381,max_steps_exceeded,False
1.918097,84,32524.230551,success,True
1.943446,39,32532.674916,success,True
1.914885,96,32542.358488,success,True
1.944722,29,32550.519375,success,True
1.578264,121,32562.768813,success,True
-0.396366,300,32591.180654,max_steps_exceeded,False
1.866055,77,32600.023276,success,True
1.906902,75,32610.445209,success,True
1.843804,80,32620.605071,success,True
1.890436,46,32629.379142,success,True
1.615594,128,32642.241172,success,True
1.940011,36,32652.086434,success,True
1.638825,140,32665.196772,success,True
1.921846,46,32674.213497,success,True
1.892518,45,32681.46701,success,True
1.880703,107,32692.864695,success,True
1.92481,44,32702.490307,success,True
1.899735,97,32713.236278,success,True
1.664196,119,32728.207766,success,True
1.931674,35,32737.579555,success,True
1.837794,55,32745.253147,success,True
1.76116,79,32755.927123,success,True
1.958617,25,32763.483771,success,True
1.730142,104,32913.931627,success,True
1.910881,56,32924.351195,success,True
1.944804,29,32930.134255,success,True
1.752115,101,32940.891887,success,True
1.958378,26,32948.978081,success,True
1.880656,91,32958.726644,success,True
-0.592766,300,32984.083921,max_steps_exceeded,False
1.839479,96,32997.260891,success,True
1.835162,64,33007.859984,success,True
1.586423,120,33020.942052,success,True
1.920639,35,33030.536084,success,True
1.97652,24,33036.195682,success,True
1.860911,79,33043.986491,success,True
1.926585,36,33051.214669,success,True
-1.483782,300,33076.332402,max_steps_exceeded,False
1.907121,39,33089.449107,success,True
-0.502716,300,33115.021725,max_steps_exceeded,False
-0.540023,300,33141.75205,max_steps_exceeded,False
1.823602,66,33153.010178,success,True
1.876368,53,33161.711447,success,True
-1.358726,115,33174.459584,collision,False
-0.501052,300,33202.18309,max_steps_exceeded,False
1.882043,51,33210.202764,success,True
1.904686,39,33217.245648,success,True
1.938829,51,33225.232228,success,True
-0.555908,300,33250.950311,max_steps_exceeded,False
1.632642,138,33265.626234,success,True
1.886751,69,33277.29256,success,True
1.913141,50,33285.87301,success,True
1.900445,42,33292.894878,success,True
1.946543,28,33299.362878,success,True
-0.771639,300,33324.097079,max_steps_exceeded,False
-0.599291,300,33355.798357,max_steps_exceeded,False
1.924609,35,33364.729303,success,True
1.814321,104,33376.059171,success,True
1.909654,50,33386.079804,success,True
1.817203,73,33394.884485,success,True
1.922606,36,33402.959805,success,True
1.92889,35,33408.989403,success,True
1.823582,77,33418.116932,success,True
1.934941,31,33425.816774,success,True
1.912067,50,33432.842721,success,True
1.877829,101,33443.6803,success,True
1.910167,69,33452.322149,success,True
1.939855,32,33457.378354,success,True
-0.379448,300,33481.951204,max_steps_exceeded,False
-0.418213,300,33507.354846,max_steps_exceeded,False
1.934383,33,33514.136969,success,True
1.932662,32,33520.163784,success,True
1.95198,37,33526.434778,success,True
1.981823,22,33531.178905,success,True
1.910405,38,33535.801406,success,True
1.984034,13,33541.014523,success,True
1.908762,49,33546.803014,success,True
-0.45856,300,33571.961099,max_steps_exceeded,False
1.930198,39,33579.193768,success,True
1.952812,27,33584.351488,success,True
1.840947,58,33591.60696,success,True
1.766599,87,33602.520114,success,True
1.929555,35,33610.909022,success,True
1.967711,33,33616.867288,success,True
1.737204,83,33624.911778,success,True
1.917118,102,33638.171188,success,True
-1.417683,161,33655.761637,collision,False
1.635351,130,33672.213182,success,True
1.994677,9,33679.795227,success,True
-0.643316,300,33702.556317,max_steps_exceeded,False
1.9332,40,33711.651094,success,True
-0.654881,300,33736.118423,max_steps_exceeded,False
1.633371,129,33750.873929,success,True
1.902945,38,33760.836208,success,True
1.906928,54,33769.063888,success,True
-0.678841,300,33793.464879,max_steps_exceeded,False
1.920197,34,33802.251988,success,True
-0.480251,300,33827.256449,max_steps_exceeded,False
-0.683746,300,33856.220925,max_steps_exceeded,False
1.919314,49,33866.07561,success,True
1.952748,47,33872.468791,success,True
1.624929,110,33882.796951,success,True
1.866831,87,33895.632108,success,True
1.94549,41,33902.6119,success,True
1.8842,46,33908.86074,success,True
1.642372,161,33924.427848,success,True
1.85871,67,33934.785857,success,True
1.895626,54,33943.783332,success,True
1.87022,53,33952.039863,success,True
1.991887,10,33956.974762,success,True
-0.582586,300,33980.452246,max_steps_exceeded,False
1.912609,58,33990.400067,success,True
1.944356,58,33999.069042,success,True
1.933718,33,34006.042386,success,True
-0.659842,300,34030.655468,max_steps_exceeded,False
1.842901,106,34043.335436,success,True
1.894829,41,34052.468019,success,True
-1.033821,300,34170.180107,max_steps_exceeded,False
1.902669,41,34179.768894,success,True
-1.39869,188,34197.17171,collision,False
-0.389187,300,34225.051083,max_steps_exceeded,False
1.655455,178,34241.365911,success,True
1.874828,50,34251.519851,success,True
1.968095,21,34257.274955,success,True
1.868414,74,34265.432159,success,True
1.833157,102,34277.428155,success,True
1.672531,158,34292.773286,success,True
-0.681121,300,34319.55784,max_steps_exceeded,False
1.912444,35,34328.631139,success,True
1.782896,95,34339.336262,success,True
1.917283,37,34347.169007,success,True
1.843334,80,34357.005731,success,True
-1.502764,230,34378.961905,collision,False
1.951061,42,34388.591413,success,True
1.973412,18,34392.793906,success,True
1.893894,47,34398.994929,success,True
-1.559968,245,34420.759134,collision,False
1.891039,76,34433.316648,success,True
1.97918,23,34440.295792,success,True
1.849298,58,34447.129997,success,True
1.745078,243,34469.279914,success,True
1.959271,25,34474.692672,success,True
1.877219,52,34481.561524,success,True
-0.922761,300,34506.886003,max_steps_exceeded,False
1.850116,95,34519.561395,success,True
-0.596058,300,34547.276468,max_steps_exceeded,False
-0.352954,300,34574.264093,max_steps_exceeded,False
1.797958,122,34586.387395,success,True
1.614772,293,34614.435305,success,True
1.910777,63,34624.389807,success,True
1.967237,22,34629.36195,success,True
1.722309,139,34642.382269,success,True
1.945112,33,34650.630196,success,True
1.940448,44,34657.170862,success,True
1.904453,57,34664.934342,success,True
1.887129,63,34674.054424,success,True
1.982552,16,34679.025625,success,True
1.757457,213,34696.260565,success,True
1.888747,51,34703.48048,success,True
1.982923,19,34709.00537,success,True
1.951126,68,34716.335768,success,True
1.777028,80,34727.264983,success,True
1.683091,131,34742.393088,success,True
1.989161,12,34749.459947,success,True
1.785653,125,34760.431944,success,True
1.961752,50,34769.58046,success,True
1.826538,70,34778.501988,success,True
1.89864,62,34787.738596,success,True
1.891661,46,34794.829289,success,True
1.917109,35,34801.947773,success,True
1.935314,53,34809.588522,success,True
1.968428,20,34815.522948,success,True
1.933584,38,34820.987578,success,True
1.939531,31,34826.5587,success,True
1.919919,36,34832.798602,success,True
-0.783869,300,34857.969559,max_steps_exceeded,False
1.946753,32,34868.025119,success,True
1.85772,60,34875.333835,success,True
1.897461,46,34882.883506,success,True
1.762781,120,34895.216958,success,True
1.937214,41,34903.216333,success,True
1.830198,99,34913.61698,success,True
1.963264,34,34921.123505,success,True
-0.751688,300,34944.621007,max_steps_exceeded,False
1.619294,130,34960.823038,success,True
1.922253,42,34971.357348,success,True
1.998258,4,34975.755801,success,True
1.96139,26,34979.168995,success,True
1.805444,97,34988.78709,success,True
1.514412,284,35014.583703,success,True
1.903975,70,35024.977544,success,True
1.982197,15,35029.313323,success,True
1.883005,52,35035.177485,success,True
1.909695,37,35041.655695,success,True
1.921772,42,35049.033663,success,True
1.914987,49,35056.486397,success,True
-1.88303,279,35080.187427,collision,False
1.945908,39,35090.440051,success,True
1.922595,50,35097.142383,success,True
-0.363302,300,35122.463882,max_steps_exceeded,False
1.752155,100,35136.634304,success,True
1.868679,46,35146.3779,success,True
1.944159,39,35153.847522,success,True
-0.942266,300,35178.793533,max_steps_exceeded,False
-0.773635,300,35207.817189,max_steps_exceeded,False
-1.548602,210,35231.609961,collision,False
1.915029,76,35245.470904,success,True
1.925456,40,35252.553425,success,True
1.933216,42,35259.115566,success,True
1.917553,39,35265.365358,success,True
1.912138,39,35271.972407,success,True
1.770934,80,35281.805722,success,True
1.908273,45,35290.488831,success,True
-0.374249,300,35426.164742,max_steps_exceeded,False
1.946563,28,35434.624665,success,True
1.927714,33,35440.464463,success,True
1.923218,33,35446.639973,success,True
1.905513,38,35453.208415,success,True
1.736267,176,35469.975094,success,True
-1.071407,42,35476.728003,collision,False
1.976801,18,35481.678608,success,True
1.865882,55,35487.93371,success,True
-1.61368,199,35506.555263,collision,False
1.83109,99,35523.312981,success,True
-1.491066,262,35547.363563,collision,False
1.88348,58,35560.114388,success,True
1.892161,47,35567.777354,success,True
1.960824,32,35574.400613,success,True
1.883557,54,35581.393275,success,True
1.937114,31,35587.829723,success,True
1.915149,54,35595.231399,success,True
1.92297,34,35601.516589,success,True
-1.915081,300,35626.827008,collision,False
1.783655,78,35641.707097,success,True
1.726278,95,35654.118947,success,True
1.881229,94,35667.036477,success,True
1.845301,73,35675.799216,success,True
-1.170534,300,35702.114568,max_steps_exceeded,False
-1.137806,300,35731.933459,max_steps_exceeded,False
1.978293,23,35742.651766,success,True
-1.07242,300,35765.743317,max_steps_exceeded,False
1.902975,40,35777.23257,success,True
1.883903,64,35786.12048,success,True
1.972573,18,35792.075003,success,True
-0.836179,300,35815.711138,max_steps_exceeded,False
1.910945,43,35827.421789,success,True
1.82639,84,35837.327878,success,True
1.932228,37,35846.345699,success,True
1.938273,50,35853.627789,success,True
1.987794,11,35857.406747,success,True
1.807705,100,35866.626523,success,True
1.86559,53,35876.359357,success,True
1.942784,37,35883.212097,success,True
1.957521,28,35888.48291,success,True
1.949479,35,35893.858054,success,True
1.900627,45,35900.275053,success,True
1.998855,3,35905.019213,success,True
1.984067,14,35907.467132,success,True
1.860513,68,35914.601624,success,True
1.942621,50,35922.720266,success,True
-0.549201,300,35947.910066,max_steps_exceeded,False
1.851933,62,35960.235466,success,True
-1.646906,179,35977.108109,collision,False
1.965908,22,35987.368331,success,True
-1.09896,57,35994.400962,collision,False
-0.90309,300,36020.568843,max_steps_exceeded,False
-1.063971,42,36030.68336,collision,False
1.965026,22,36035.811636,success,True
1.941679,48,36042.274609,success,True
-0.590733,300,36067.227765,max_steps_exceeded,False
1.927442,66,36078.466179,success,True
-1.273798,246,36099.953939,collision,False
1.927416,33,36106.333382,success,True
1.926335,34,36112.530829,success,True
1.822646,83,36122.338753,success,True
-0.370425,300,36148.17775,max_steps_exceeded,False
1.92698,39,36155.562969,success,True
1.915207,42,36162.018125,success,True
1.919413,76,36171.369471,success,True
1.938812,74,36181.885393,success,True
1.84598,64,36191.714358,success,True
1.921773,49,36200.225363,success,True
-1.027483,300,36225.858921,max_steps_exceeded,False
1.853666,57,36238.742193,success,True
1.926978,40,36246.238316,success,True
1.88201,49,36253.410954,success,True
1.88892,87,36263.819717,success,True
1.948745,33,36272.273321,success,True
1.847957,62,36279.823905,success,True
1.63924,287,36304.797176,success,True
1.911002,36,36312.44055,success,True
1.957946,26,36318.357163,success,True
1.773216,74,36326.903872,success,True
1.686524,147,36342.276026,success,True
1.965229,43,36351.096537,success,True
1.969296,26,36357.046432,success,True
1.644106,119,36368.126147,success,True
1.993753,10,36375.846479,success,True
1.908036,47,36380.890194,success,True
-1.062832,42,36387.794244,collision,False
1.703795,112,36399.473272,success,True
1.953529,32,36407.696497,success,True
1.824976,103,36418.378332,success,True
1.90012,52,36427.35158,success,True
1.90321,45,36434.691344,success,True
1.910406,42,36441.959395,success,True
1.76706,89,36452.157876,success,True
1.818152,64,36462.38936,success,True
1.917541,35,36469.644171,success,True
1.976689,22,36475.02943,success,True
1.972571,25,36479.404879,success,True
1.75132,88,36488.251749,success,True
1.777245,91,36500.23044,success,True
1.861538,82,36511.728131,success,True
1.814295,77,36521.496779,success,True
1.856077,50,36529.778366,success,True
1.997685,4,36534.523052,success,True
-0.693937,300,36556.922394,max_steps_exceeded,False
1.793062,120,36571.870709,success,True
1.90132,42,36580.606561,success,True
1.908073,41,36587.689146,success,True
1.922976,38,36594.570037,success,True
-1.113157,49,36602.063884,collision,False
1.607185,134,36615.975456,success,True
1.902802,51,36627.065931,success,True
1.884818,54,36635.132173,success,True
1.900406,59,36643.603033,success,True
1.920217,37,36650.269356,success,True
